Number,Category,Dedicate,Writer,BookName
1, تقدیم به اعضای خانواده,"تقدیم به پدر و مادرم که با عشق بی‌پایان و فداکاری‌های شبانه‌روزی خود، چراغ راه من در زندگی بوده‌اند و همواره مرا به سوی موفقیت هدایت کرده‌اند.",,
2, تقدیم به اعضای خانواده,"تقدیم به مادرم که با دستان مهربانش دنیای مرا رنگین کرده و به پدرم که با استقامت و حکمتش، الگوی من در زندگی است.",,
3, تقدیم به اعضای خانواده,"تقدیم به والدین عزیزم که با زحمات بی‌وقفه و تلاش‌های خستگی‌ناپذیرشان، زمینه را برای تحصیلاتم فراهم کردند و همیشه حامی من بوده‌اند.",,
4, تقدیم به اعضای خانواده,"تقدیم به پدر بزرگوارم که با صبوری و تجربه‌اش، درس‌های زندگی را به من آموخت و به مادرم که محبتش همچون آفتاب گرم زندگی‌ام است.",,
5, تقدیم به اعضای خانواده,"تقدیم به والدین عزیزم که با عشق و فداکاری‌هایشان، مرا در این مسیر دشوار یاری کردند و همواره در کنار من بودند.",,
6, تقدیم به اعضای خانواده,"تقدیم به والدینم که با تلاش‌های بی‌وقفه‌شان، به من آموختند چگونه در برابر چالش‌ها ایستادگی کنم.",,
7, تقدیم به اعضای خانواده,"تقدیم به مادر مهربانم که با دلسوزی‌هایش، همواره پشتیبان من بوده و به پدرم که با قدرتش، الهام‌بخش من در زندگی است.",,
8, تقدیم به اعضای خانواده,"تقدیم به والدین عزیزم که با زحماتشان، زندگی‌ام را پر از عشق و امید کردند و همواره در کنارم بودند.",,
9, تقدیم به اعضای خانواده,"تقدیم به پدر بزرگوارم که با صبوری و استقامتش، مرا در مسیر علم راهنمایی کرد و به مادرم که نور امید من است.",,
10, تقدیم به اعضای خانواده,"تقدیم به والدین عزیزم که با زحماتشان، زندگی‌ام را پر از عشق و امید کردند و همواره در کنارم بودند.",,
11, تقدیم به اعضای خانواده,"تقدیم به پدر بزرگوارم که با حکمت و تجربه‌اش، چراغ راه من بوده و به مادرم که محبتش همچون نسیمی ملایم بر روح من می‌وزد.",,
12, تقدیم به اعضای خانواده,"تقدیم به والدینی که با فداکاری‌های بی‌پایان خود، زندگی مرا پر از عشق کردند؛ شما همیشه الهام‌بخش من بوده‌اید.",,
13, تقدیم به اعضای خانواده,تقدیم به مادر مهربانم که دستانش همیشه مایه آرامش من بوده‌اند؛ تو بهترین دوست و حامی من هستی.,,
14, تقدیم به اعضای خانواده,تقدیم به پدر عزیزم که صدای او همیشه در گوش من طنین‌انداز است؛ تو الگوی صبر و استقامت برای من هستی.,,
15, تقدیم به اعضای خانواده,تقدیم به والدین گرامی‌ام که بدون حمایت‌های شما هیچگاه نمی‌توانستم بر قله‌های موفقیت بایستم.,,
16, تقدیم به اعضای خانواده,تقدیم به مادرم که محبتش همچون آفتاب زندگی‌ام را روشن کرده؛ تو همیشه مایه دلگرمی من بوده‌ای.,,
17, تقدیم به اعضای خانواده,تقدیم به پدر بزرگوارم که با سختی‌ها جنگید تا آینده‌ای روشن برای من بسازد؛ وجودت مایه افتخار من است.,,
18, تقدیم به اعضای خانواده,تقدیم به والدین عزیزم که هر روز با تلاش‌هایشان مرا ترغیب کردند تا بهترین نسخه از خود باشم؛ سپاسگزار محبت‌هایتان هستم.,,
19, تقدیم به اعضای خانواده,تقدیم به مادر مهربانم که هرگز از حمایت‌هایت دست برنداشتی؛ تو قهرمان واقعی زندگی من هستی.,,
20, تقدیم به اعضای خانواده,تقدیم به پدر بزرگوارم که همیشه در سخت‌ترین لحظات کنارم بودی؛ تو دلیل اصلی موفقیت‌هایم هستی.,,
21, تقدیم به اعضای خانواده,"تقدیم به والدین عزیزم که با زحمات بی‌شمارشان، بذر علم را در دل من کاشتند؛ امیدوارم بتوانم این میراث را پاس بدارم.",,
22, تقدیم به اعضای خانواده,تقدیم به مادر نازنینم که دلسوزی‌هایش همیشه مایه آرامش روح من بوده؛ وجودت همچون گلی زیبا در باغ زندگی‌ام می‌درخشد.,,
23, تقدیم به اعضای خانواده,"تقدیم به پدر عزیزتر از جانم که با صبوری و حکمتش، مرا در مسیر علم هدایت کرد؛ تو بهترین معلم زندگی من هستی.",,
24, تقدیم به اعضای خانواده,تقدیم به والدین گرامی‌ام که عشق شما همچون نوری روشن بر سر راهم بوده است؛ سپاسگزار حمایت‌هایتان هستم.,,
25, تقدیم به اعضای خانواده,تقدیم به مادر مهربانم که وجودش همچون نسیمی ملایم بر روح من می‌وزد؛ تو بهترین هدیه‌ای هستی که خداوند نصیبم کرده است.,,
26, تقدیم به اعضای خانواده,تقدیم به پدر بزرگوارم که همیشه با حکمت و تجربه‌اش مرا راهنمایی کرده؛ وجودت مایه دلگرمی من است.,,
27, تقدیم به اعضای خانواده,تقدیم به والدینی که عشقشان را در دل من دمیدند؛ امیدوارم بتوانید از این اثر بهره ببرید.,,
28, تقدیم به اعضای خانواده,تقدیم به مادر نازنینم که دستانش همیشه مایه آرامش روح من بوده‌اند؛ تو بهترین دوست و حامی من هستی.,,
29, تقدیم به اعضای خانواده,تقدیم به پدر عزیزتر از جانم که صدای او همیشه در گوش من طنین‌انداز است؛ تو الگوی صبر و استقامت برای من هستی.,,
30, تقدیم به اعضای خانواده,تقدیم به والدینی گرامی‌ام که بدون حمایت‌های شما هیچگاه نمی‌توانستم بر قله‌های موفقیت بایستم.,,
31, تقدیم به اعضای خانواده,تقدیم به مادرم که محبتش همچون آفتاب زندگی‌ام را روشن کرده؛ تو همیشه مایه دلگرمی من بوده‌ای.,,
32, تقدیم به اعضای خانواده,تقدیم به پدر بزرگوارم که با سختی‌ها جنگید تا آینده‌ای روشن برای من بسازد؛ وجودت مایه افتخار من است.,,
33, تقدیم به اعضای خانواده,تقدیم به والدین عزیزم که هر روز با تلاش‌هایشان مرا ترغیب کردند تا بهترین نسخه از خود باشم؛ سپاسگزار محبت‌هایتان هستم.,,
34, تقدیم به اعضای خانواده,تقدیم به مادر مهربانم که هرگز از حمایت‌هایت دست برنداشتی؛ تو قهرمان واقعی زندگی من هستی.,,
35, تقدیم به اعضای خانواده,تقدیم به پدر بزرگوارم که همیشه در سخت‌ترین لحظات کنارم بودی؛ تو دلیل اصلی موفقیت‌هایم هستی.,,
36, تقدیم به اعضای خانواده,"تقدیم به والدین عزیزم که با زحمات بی‌شمارشان، بذر علم را در دل من کاشتند؛ امیدوارم بتوانم این میراث را پاس بدارم.",,
37, تقدیم به اعضای خانواده,تقدیم به مادر نازنینم که دلسوزی‌هایش همیشه مایه آرامش روح من بوده؛ وجودت همچون گلی زیبا در باغ زندگی‌ام می‌درخشد.,,
38, تقدیم به اعضای خانواده,"تقدیم به پدر عزیزتر از جانم که با صبوری و حکمتش، مرا در مسیر علم هدایت کرد؛ تو بهترین معلم زندگی من هستی.",,
39, تقدیم به اعضای خانواده,تقدیم به والدین گرامی‌ام که عشق شما همچون نوری روشن بر سر راهم بوده است؛ سپاسگزار حمایت‌هایتان هستم.,,
40, تقدیم به اعضای خانواده,تقدیم به مادر مهربانم که وجودش همچون نسیمی ملایم بر روح من می‌وزد؛ تو بهترین هدیه‌ای هستی که خداوند نصیب من کرده است.,,
1,تقدیم به دوست و همکار,"تقدیم به دوستی که در هر لحظه از زندگی‌ام، با محبت و حمایت‌هایش نور امید را در دلم زنده نگه داشت. تو همیشه چراغ راه من بوده‌ای.",,
2,تقدیم به دوست و همکار,"به همکار عزیزم که با همکاری صمیمانه‌اش، هر چالش را به فرصتی برای رشد تبدیل کرد. وجودت مایه دلگرمی و انگیزه من است.",,
3,تقدیم به دوست و همکار,"این اثر را به دوستی تقدیم می‌کنم که در روزهای سخت، با کلماتش مرا تسلی داد و نشان داد که هیچ چیز نمی‌تواند ما را از هم دور کند.",,
4,تقدیم به دوست و همکار,"به همکارم که با خلاقیت و ایده‌های نوآورانه‌اش، همیشه الهام‌بخش من بوده است. تو ثابت کرده‌ای که کار گروهی می‌تواند معجزه کند.",,
5,تقدیم به دوست و همکار,"این کتاب را به دوستی تقدیم می‌کنم که در سفر زندگی، همراه و همسفرم بوده است؛ وجودت همچون نسیمی ملایم در روزهای طوفانی است.",,
6,تقدیم به دوست و همکار,"به همکار عزیزم که با تلاش‌های بی‌وقفه‌اش، نه تنها پروژه‌ها را به سرانجام رساند بلکه دوستی واقعی را نیز در دل‌هایمان نهادینه کرد.",,
7,تقدیم به دوست و همکار,"این اثر را به دوستی تقدیم می‌کنم که با صداقت و وفاداری‌اش، همیشه در کنارم بوده و مرا در مسیر موفقیت یاری کرده است.",,
8,تقدیم به دوست و همکار,"به همکارم که با روحیه مثبتش، هر روز را به فرصتی برای یادگیری و رشد تبدیل می‌کند؛ تو الهام‌بخش من هستی.",,
9,تقدیم به دوست و همکار,"این کتاب را به دوستی تقدیم می‌کنم که با خنده‌ها و شادی‌هایش، زندگی‌ام را رنگین کرده و نشان داده که دوستی واقعی چه معنایی دارد.",,
10,تقدیم به دوست و همکار,"به همکار عزیزم که در هر قدم از این مسیر دشوار، با حمایت‌هایش مرا تشویق کرد؛ تو بهترین شریک کاری هستی که می‌توانستم داشته باشم.",,
11,تقدیم به دوست و همکار,این اثر را به دوستی تقدیم می‌کنم که با کلماتش دنیای مرا زیباتر کرده و همیشه مرا به سوی بهتر شدن سوق داده است.,,
12,تقدیم به دوست و همکار,"به همکارم که با همکاری‌اش، نه تنها پروژه‌ها را پیش بردیم بلکه دوستی عمیقی نیز شکل دادیم؛ وجودت مایه دلگرمی من است.",,
13,تقدیم به دوست و همکار,"این کتاب را به دوستی تقدیم می‌کنم که در روزهای سخت، همیشه در کنارم ایستاد و نشان داد که دوستی واقعی چه ارزشی دارد.",,
14,تقدیم به دوست و همکار,"به همکار عزیزم که با ایده‌های خلاقانه‌اش، هر روز را به یک ماجراجویی جدید تبدیل می‌کند؛ تو همیشه الهام‌بخش من هستی.",,
15,تقدیم به دوست و همکار,"این اثر را به دوستی تقدیم می‌کنم که با صبر و شکیبایی‌اش، مرا در مسیر یادگیری هدایت کرده و نشان داده است که هیچ چیز غیرممکن نیست.",,
16,تقدیم به دوست و همکار,"به همکار عزیزم که با روحیه مثبتش، همیشه توانسته است چالش‌ها را به فرصت‌هایی برای یادگیری تبدیل کند؛ تو مایه دلگرمی من هستی.",,
17,تقدیم به دوست و همکار,"این کتاب را به دوستی تقدیم می‌کنم که با عشق و محبتش، زندگی‌ام را غنی کرده و همیشه در کنارم بوده است؛ وجودت گرانبهاست.",,
18,تقدیم به دوست و همکار,"به همکار عزیزم که با تلاش‌های بی‌وقفه‌اش، نه تنها موفقیت‌های بزرگ را رقم زد بلکه دوستی واقعی را نیز در دل‌هایمان نهادینه کرد.",,
19,تقدیم به دوست و همکار,این اثر را به دوستی تقدیم می‌کنم که با حمایت‌هایش مرا در روزهای سخت یاری کرد؛ تو همچون ستاره‌ای در آسمان زندگی‌ام می‌درخشی.,,
20,تقدیم به دوست و همکار,به همکار عزیزم که همیشه با خنده‌هایش فضای کار را شاداب کرده و نشان داده است که کار کردن می‌تواند لذت‌بخش باشد؛ تو بهترین هستی!,,
21,تقدیم به دوست و همکار,این کتاب را به دوستی تقدیم می‌کنم که هرگز از یادآوری ارزش‌های انسانی غافل نشده و همیشه مرا به سوی خوبی‌ها هدایت کرده است.,,
22,تقدیم به دوست و همکار,"به همکار عزیزم که با صداقت و وفاداری‌اش، پایه‌های یک همکاری موفق را بنا نهاد؛ وجودت مایه افتخار من است!",,
23,تقدیم به دوست و همکار,"این اثر را به دوستی تقدیم می‌کنم که در هر قدم از این مسیر دشوار، همراهی وفادار بوده و نشان داده است که دوستی واقعی چه معنایی دارد!",,
24,تقدیم به دوست و همکار,"به همکار عزیزم که با تلاش‌های بی‌وقفه‌اش، نه تنها پروژه‌ها را پیش برد بلکه دوستی عمیقی نیز شکل داد؛ وجودت مایه دلگرمی من است!",,
25,تقدیم به دوست و همکار,این کتاب را به دوستی تقدیم می‌کنم که همیشه با کلماتش دنیای مرا زیباتر کرده و نشان داده است که عشق ورزیدن چه ارزشی دارد!,,
26,تقدیم به دوست و همکار,"به همکار عزیزم که با روحیه مثبتش، هر روز را به فرصتی برای یادگیری تبدیل می‌کند؛ تو الهام‌بخش من هستی!",,
27,تقدیم به دوست و همکار,"این اثر را به دوستی تقدیم می‌کنم که با صداقت و وفاداری‌اش، همیشه در کنارم بوده و مرا در مسیر موفقیت یاری کرده است!",,
28,تقدیم به دوست و همکار,"به همکار عزیزم که در هر قدم از این مسیر دشوار، با حمایت‌هایش مرا تشویق کرد؛ تو بهترین شریک کاری هستی!",,
29,تقدیم به دوست و همکار,"این کتاب را به دوستی تقدیم می‌کنم که در روزهای سخت، همیشه در کنارم ایستاد و نشان داد که دوستی واقعی چه ارزشی دارد!",,
30,تقدیم به دوست و همکار,"به همکار عزیزم که با ایده‌های خلاقانه‌اش، هر روز را به یک ماجراجویی جدید تبدیل می‌کند؛ تو همیشه الهام‌بخش من هستی!",,
31,تقدیم به دوست و همکار,"این اثر را به دوستی تقدیم می‌کنم که با صبر و شکیبایی‌اش، مرا در مسیر یادگیری هدایت کرده و نشان داده است هیچ چیز غیرممکن نیست!",,
32,تقدیم به دوست و همکار,"به همکار عزیزم که با روحیه مثبتش، همیشه توانسته است چالش‌ها را به فرصت‌هایی برای یادگیری تبدیل کند؛ تو مایه دلگرمی من هستی!",,
33,تقدیم به دوست و همکار,این کتاب را به دوستی تقدیم می‌کنم که با عشق و محبتش زندگی‌ام را غنی کرده و همیشه در کنار من بوده است؛ وجودت گرانبهاست!,,
34,تقدیم به دوست و همکار,"به همکار عزیزم که با تلاش‌های بی‌وقفه‌اش، نه تنها موفقیت‌های بزرگ رقم زد بلکه دوستی واقعی نیز شکل داد؛ وجودت مایه افتخار من است!",,
35,تقدیم به دوست و همکار,این اثر را به دوستی تقدیم می‌کنم که همیشه در کنار من بوده و نشان داده است چگونه باید برای رویاها جنگید!,,
36,تقدیم به دوست و همکار,به همکار عزیزم که با خلاقیتش توانسته‌ای فضای کارمان را شاداب کند؛ تو بهترین دوست کاری هستی!,,
37,تقدیم به دوست و همکار,این کتاب را به دوستانی تقدیم می‌کنم که بدون آنها این سفر ممکن نبود؛ شما مایه دلگرمی من بوده‌اید!,,
38,تقدیم به دوست و همکار,به همکارانی که هر روز برای بهتر شدن تلاش می‌کنند؛ شما الهام‌بخش من هستید!,,
39,تقدیم به دوست و همکار,این اثر کوچک‌ترین نشانه قدردانی از زحمات شماست؛ امیدوارم روزی بتوانم دین خود را ادا کنم!,,
1,تقدیم به معلم و استاد,"تقدیم به معلمی که با عشق و دلسوزی‌اش، چراغ راه من در تاریکی‌های زندگی بوده است. تو با علم و دانشت، دنیای مرا روشن کردی و همیشه در قلبم خواهی ماند. یاد و محبت تو همچون نوری در مسیر زندگی‌ام می‌درخشد.",,
2,تقدیم به معلم و استاد,"به استاد عزیزم که با صبر و محبت بی‌پایانش، نه تنها علم بلکه ارزش‌های انسانی را به من آموخت؛ وجودت مایه دلگرمی من است و همیشه در یادم خواهی ماند. تو با کلماتت، درخت دانش را در دل من بارور کردی و به من آموختی چگونه باید برای رویاهایم بجنگم.",,
3,تقدیم به معلم و استاد,"این اثر را به معلمی تقدیم می‌کنم که با کلماتش دنیای مرا رنگین کرده و نشان داده است که علم می‌تواند زندگی را متحول کند. تو با هر درس، دریچه‌ای جدید به سوی جهان باز کردی و مرا به جستجوگری تشویق کردی که هیچگاه از یادگیری خسته نمی‌شود.",,
4,تقدیم به معلم و استاد,"به استاد بزرگوارم که با دلسوزی و فداکاری‌اش، مرا از جهل به سوی نور هدایت کرد؛ وجودت مایه افتخار من است و همیشه در قلبم خواهی ماند. تو نشان دادی که علم تنها یک ابزار نیست، بلکه کلیدی است برای گشودن درهای جدید به سوی آینده‌ای روشن‌تر.",,
5,تقدیم به معلم و استاد,"این اثر را به یاد تمامی لحظاتی تقدیم می‌کنم که با زحمات تو آموخته‌ام چگونه باید برای رویاها جنگید؛ تو الهام‌بخش من هستی! هر بار که به چالش‌ها فکر می‌کنم، یاد درس‌های تو مرا قوت قلب می‌دهد تا هرگز تسلیم نشوم.",,
6,تقدیم به معلم و استاد,"به استاد عزیزم که با تلاش‌های شبانه‌روزی‌اش، نه تنها دانش را منتقل کرد بلکه دوستی واقعی را نیز در دل‌هایمان نهادینه کرد؛ وجودت مایه افتخار من است! تو همواره نشان داده‌ای که آموزش فراتر از انتقال اطلاعات است؛ این یک سفر مشترک است که ما را به هم پیوند می‌دهد.",,
7,تقدیم به معلم و استاد,"این اثر را به معلمی تقدیم می‌کنم که با عشق و محبتش زندگی‌ام را غنی کرده و همیشه در کنار من بوده است؛ وجودت گرانبهاست! هر بار که به چالش‌های زندگی فکر می‌کنم، یاد تو مرا تشویق می‌کند تا قوی‌تر از قبل ادامه دهم.",,
8,تقدیم به معلم و استاد,"به استاد بزرگوارم که با کلماتش دنیای مرا زیباتر کرده و نشان داده است که عشق ورزیدن چه ارزشی دارد؛ تو همیشه در قلب من خواهی بود! تو نه تنها یک معلم بلکه یک راهنما بودی که با نور علمت، تاریکی‌ها را روشن کردی.",,
9,تقدیم به معلم و استاد,این اثر به یاد تمامی کسانی تقدیم می‌شود که با زحماتشان چراغ راه ما بودند؛ شما همیشه در قلب ما خواهید ماند! هر کلمه‌ای از شما همچون دانه‌ای بود که در دل ما کاشته شد و حالا شکوفه‌های آن را می‌بینیم.,,
10,تقدیم به معلم و استاد,به معلم عزیزم که علمش همچون دریایی عمیق است؛ از شما سپاسگزارم که مرا در این دریای بی‌پایان غوطه‌ور کردید! شما با صبر و شکیبایی‌تان نشان دادید که یادگیری یک سفر بی‌پایان است و هر روز فرصتی برای کشف چیزهای جدید فراهم می‌کند.,,
11,تقدیم به معلم و استاد,این اثر را به دوستی تقدیم می‌کنم که همواره با کلماتش مرا تشویق کرده و نشان داده است چگونه باید برای رویاها جنگید! تو همواره الهام‌بخش من بوده‌ای و یادآوری می‌کنی که هیچ چیز غیرممکن نیست اگر اراده واقعی داشته باشیم.,,
12,تقدیم به معلم و استاد,"به استاد عزیزم که با صداقت و وفاداری‌اش، پایه‌های یک همکاری موفق را بنا نهاد؛ وجودت مایه دلگرمی من بوده است! تو همواره نشان داده‌ای که همکاری واقعی بر پایه اعتماد و احترام متقابل بنا می‌شود و این ارزش‌ها را در دل ما نهادینه کردی.",,
13,تقدیم به معلم و استاد,این اثر را به معلم بزرگوارم تقدیم می‌کنم که با علمش زندگی مرا تغییر داد؛ سپاسگزار محبت‌هایت هستم! تو نه تنها دانش‌آموخته‌ای برجسته هستی بلکه انسانی بزرگوار هستی که همواره برای دیگران وقت گذاشته‌ای تا آنها نیز رشد کنند.,,
14,تقدیم به معلم و استاد,"به استاد عزیزم که با کلماتش دنیای مرا روشن کرد؛ از شما سپاسگزارم برای تمام زحماتتان! هر بار که درس‌های شما را مرور می‌کنم، احساس می‌کنم دوباره در کلاس درس شما نشسته‌ام و از علمتان بهره‌مند می‌شوم.",,
15,تقدیم به معلم و استاد,این اثر را به یاد تمام لحظاتی تقدیم می‌کنم که با وجود سرکشی‌هایم صبورانه ایستادی و چراغ راهم شدی; تو همیشه در قلب من خواهی بود! محبت و حمایتت باعث شد تا بتوانم بر مشکلات فائق آیم و مسیر خود را پیدا کنم.,,
16,تقدیم به معلم و استاد,به استاد عزیزم که علمش همچون نوری روشن بر سر راه ما بوده است؛ از شما سپاسگزارم برای تمام زحماتتان! شما همواره نشان داده‌اید که علم باید با عشق همراه باشد تا بتواند تأثیرگذار باشد.,,
17,تقدیم به معلم و استاد,این اثر تقدیم به معلمانی می‌شود که هر روز برای بهتر شدن تلاش می‌کنند؛ شما الهام‌بخش ما هستید! تلاش‌های شما نه تنها بر روی دانش‌آموختگان تأثیر گذاشته بلکه بر روی جامعه نیز اثرگذار بوده است.,,
18,تقدیم به معلم و استاد,"به یاد تمامی معلمانی که با عشق و فداکاری خود، بذر علم را در دل‌های ما کاشتند؛ وجودتان گرانبهاست! شما با زحماتتان نسل‌های آینده را شکل داده‌اید و این میراث گرانبها همیشه زنده خواهد ماند!",,
19,تقدیم به معلم و استاد,"این اثر را به یاد آنهایی تقدیم می‌کنم که در مسیر یادگیری، چراغ راه ما بودند؛ شما همیشه در یاد ما خواهید ماند! هر درس شما همچون دانه‌ای بود که در دل ما کاشته شد تا روزی شکوفا شود!",,
20,تقدیم به معلم و استاد,"به استاد بزرگوارم که با صداقت و فداکاری‌اش، مرا در مسیر علم هدایت کرد؛ وجودت مایه افتخار من است! آموزه‌هایت همچون چراغ‌هایی هستند که همواره راهنمای من خواهند بود!",,
21,تقدیم به معلم و استاد,"این اثر را به معلمی تقدیم می‌کنم که هر روز با عشق و شور زندگی، ما را تشویق کرد تا بهترین نسخه از خود باشیم; تو همیشه در قلب ما خواهی بود!",,
22,تقدیم به معلم و استاد,به استاد عزیزم که با کلماتش زندگی‌ام را تغییر داد و نشان داد چگونه باید برای رویاها جنگید; تو همیشه الهام‌بخش من هستی!,,
23,تقدیم به معلم و استاد,این اثر به یاد تمام لحظاتی تقدیم می‌شود که با زحمات تو آموخته‌ام چگونه باید ایستادگی کنم; تو بهترین معلم زندگی من هستی!,,
24,تقدیم به معلم و استاد,"به معلم بزرگوارم که با صبوری و محبتش، نه تنها علم بلکه ارزش‌های انسانی را نیز به من آموخت; وجودت مایه دلگرمی من است!",,
1,تقدیم های شاعرانه,"تقدیم به نسیم صبحگاهی که با لطافتش، بذر امید را در دل‌ها می‌کارد و زندگی را با عطر گل‌ها آراسته می‌سازد. تو همیشه یادآور زیبایی‌های ساده‌ای هستی که زندگی را دلپذیر می‌کند.",,
2,تقدیم های شاعرانه,"این اثر را به آسمان شب تقدیم می‌کنم که با ستاره‌هایش، خواب‌های شیرین را در دل من پرورش می‌دهد و مرا به دنیای خیال می‌برد. تو همواره یادآور رویاهای دور و دراز من هستی.",,
3,تقدیم های شاعرانه,"به یاد آن روزهای بارانی که با هر قطره باران، خاطرات شیرین کودکی‌ام زنده می‌شود؛ این اثر تقدیم به یادگاری‌های دلنشین زندگی‌ام، جایی که هر لحظه‌اش پر از شگفتی بود.",,
4,تقدیم های شاعرانه,این اثر را به رنگین‌کمان پس از باران تقدیم می‌کنم؛ نشانه‌ای از امید و زیبایی که پس از هر طوفانی به وجود می‌آید و دل‌ها را شاداب می‌کند. تو همیشه یادآور زیبایی‌های زندگی هستی.,,
5,تقدیم های شاعرانه,"به یاد آن لحظاتی که در کنار درختان سرسبز نشسته بودیم و با هم رازهای زندگی را مرور می‌کردیم؛ این اثر تقدیم به دوستی‌های پاک و بی‌نظیر که همچون درختان تنومند، ریشه‌دار و پایدارند.",,
6,تقدیم های شاعرانه,"این اثر را به آوای پرندگان صبحگاهی تقدیم می‌کنم که با نغمه‌های دل‌انگیزشان، روزهای جدید را نوید می‌دهند و امید را در دل‌ها زنده نگه می‌دارند. تو همیشه مایه شادی هستی!",,
7,تقدیم های شاعرانه,"به یاد آن روزهایی که در کنار رودخانه نشسته بودم و صدای آب، آرامش بی‌نظیری به قلبم می‌بخشید؛ این اثر تقدیم به آرامش طبیعت، جایی که روح من در آن رها بود.",,
8,تقدیم های شاعرانه,"این اثر تقدیم به آفتاب غروب که با رنگ‌های گرمش، دلم را سرشار از احساسات زیبا می‌کند و نشان‌دهنده‌ی پایان روزهای شاداب است؛ تو همیشه یادآور زیبایی‌های گذرا هستی!",,
9,تقدیم های شاعرانه,به یاد آن شب‌های پرستاره که با دوستانم زیر آسمان نشسته بودیم و رازهای زندگی را مرور می‌کردیم؛ این اثر تقدیم به دوستی‌هایی که همچون ستاره‌ها در آسمان زندگی‌ام می‌درخشند.,,
10,تقدیم های شاعرانه,این اثر را به باغچه خانه مادربزرگم تقدیم می‌کنم؛ جایی که عشق و محبت همیشه جاری بوده و هر گل داستانی برای گفتن دارد. تو همواره یادآور خاطرات شیرین کودکی من هستی!,,
11,تقدیم های شاعرانه,"به یاد آن روزهای تابستانی که در کنار دریا نشسته بودم و امواج آرامش‌بخش، داستان‌های زندگی را برایم بازگو می‌کردند؛ این اثر تقدیم به صدای طبیعت، جایی که روح من آرامش پیدا کرد.",,
12,تقدیم های شاعرانه,این اثر تقدیم به خواب‌های شیرینی است که همچون بال پروانه‌ها مرا در دنیای خیال پرواز دادند؛ تو همواره یادآور رویاهایی هستی که هنوز زنده‌اند!,,
13,تقدیم های شاعرانه,"به یاد آن لحظاتی که در کنار آتش نشسته بودم و داستان‌های قدیمی تعریف می‌شد؛ این اثر تقدیم به فرهنگ غنی ما، جایی که هر کلمه‌ای همچون گنجینه‌ای ارزشمند است!",,
14,تقدیم های شاعرانه,"این اثر را به صبح‌های زودهنگام تقدیم می‌کنم که با بیدار شدن خورشید، امید تازه‌ای برای شروع یک روز جدید فراهم می‌آورد؛ تو همواره نویدبخش آغاز دوباره هستی!",,
15,تقدیم های شاعرانه,به یاد آن روزهایی که در کنار دوستانم زیر سایه‌ی درختان بزرگ نشسته بودیم و از رویاهایمان صحبت می‌کردیم؛ این اثر تقدیم به دوستی‌هایی که همیشه پایدارند!,,
16,تقدیم های شاعرانه,"این اثر تقدیم به باران ملایمی است که با هر قطره‌اش، زمین را زنده کرده و روح تازه‌ای به طبیعت می‌بخشد؛ نشانه‌ای از رحمت الهی!",,
17,تقدیم های شاعرانه,به یاد آن شب‌هایی که زیر نور مهتاب نشسته بودم و رویاهایم را مرور می‌کردم؛ این اثر تقدیم به آرزوهایی که هنوز زنده‌اند!,,
18,تقدیم های شاعرانه,این اثر را به باغچه خانه مادربزرگم تقدیم می‌کنم؛ جایی که عشق و محبت همیشه جاری بوده و هر گل داستانی برای گفتن دارد!,,
19,تقدیم های شاعرانه,به یاد آن روزهای بارانی که زیر چتر قدم زدم و احساس کردم دنیا چقدر زیباست؛ این اثر تقدیم به همه لحظات شگفت‌آور زندگی!,,
20,تقدیم های شاعرانه,"این اثر تقدیم به آوای دلنشین چشمه‌هاست که با صدایش، آرامش روحی عمیق ایجاد کرده و مرا به دنیای خیال دعوت می‌کند!",,
21,تقدیم های شاعرانه,به یاد آن لحظاتی که در کنار خانواده دور هم جمع شدیم و داستان‌های قدیمی تعریف کردیم؛ این اثر تقدیم به محبت خانوادگی!,,
22,تقدیم های شاعرانه,این اثر را به خواب‌های شیرینی تقدیم می‌کنم که همچون بال پروانه‌ها مرا در دنیای خیال پرواز دادند; تو همواره یادآور رویاهایی هستی که هنوز زنده‌اند!,,
23,تقدیم های شاعرانه,به یاد آن روزهایی که در باغ گل‌ها نشسته بودم و عطر گل‌ها مرا به دنیای دیگری برد؛ جایی که فقط عشق و زیبایی حاکم بود!,,
24,تقدیم های شاعرانه,"این اثر تقدیم به نسیمی است که با خنکی خود، گرمای تابستان را تسکین داده و روح تازه‌ای به زندگی‌ها دمیده است; تو همیشه مایه آرامش هستی!",,
25,تقدیم های شاعرانه,به یاد آن شب‌هایی که زیر باران رقصیدم و احساس آزادی مطلق کردم؛ این کتاب تقدیم به لحظات شگفت‌انگیزی است که زندگی‌ام را زیباتر کرد!,,
26,تقدیم های شاعرانه,"این اثر را برای تمام کسانی تقدیم می‌کنم که با عشق ورزیدن، دنیا را زیباتر کرده‌اند؛ شما همیشه الهام‌بخش ما خواهید بود!",,
27,تقدیم های شاعرانه,به یاد آن روزهای پاییزی هنگامی که برگ‌ها بر زمین ریخته بودند و هوای خنک حس تازگی خاصی داشت؛ این کتاب تقدیم به زیبایی تغییرات فصلی!,,
28,تقدیم های شاعرانه,"این اثر را به خاطر تمام لحظات شگفت‌آور زندگی‌ام تقدیم می‌کنم؛ لحظاتی پر از شادی، عشق و دوستی‌هایی فراموش نشدنی!",,
29,تقدیم های شاعرانه,تقدیمی برای تمامی کسانی است که با لبخندشان توانسته‌اند تاریکی‌ها را روشن کنند؛ شما چراغ راه من بوده‌اید!,,
30,تقدیم های شاعرانه,این کتاب را برای تمام کسانی تقدیم می‌کنم که با کلماتشان دنیای مرا زیباتر کرده‌اند؛ شما همیشه الهام‌بخش من بوده‌اید!,,
31,تقدیم های شاعرانه,تقدیمی برای نسیمی ملایم است که با خود عطر گل‌ها را آورده است؛ تو نشان‌دهنده‌ی زیبایی‌های پنهان زندگی هستی!,,
1,تقدیم های الهام بخش و انگیزشی,تقدیم به آنانی که در جستجوی نور هستند؛ بدانید که هر تاریکی روزی به پایان می‌رسد و امید همیشه در دل‌های شجاع زنده می‌ماند. شما با تلاش‌های خود می‌توانید دنیای بهتری بسازید.,,
2,تقدیم های الهام بخش و انگیزشی,"این اثر را به کسانی تقدیم می‌کنم که با هر شکست، دوباره برخاسته و به سوی رویاهایشان پرواز کرده‌اند؛ شما نشان داده‌اید که اراده و پشتکار می‌تواند کوه‌ها را جابه‌جا کند.",,
3,تقدیم های الهام بخش و انگیزشی,"به یاد آن روزهایی که با امید در دل، قدم در مسیر ناشناخته‌ها گذاشتید؛ این کتاب تقدیم به شماست تا همواره یادآور قدرت ایمان و تلاش باشید. زندگی پر از فرصت‌های جدید است، فقط کافی است به جلو حرکت کنید.",,
4,تقدیم های الهام بخش و انگیزشی,این اثر را به قلب‌های شجاعی تقدیم می‌کنم که هر روز با چالش‌های جدید روبرو می‌شوند؛ شما قهرمانان واقعی زندگی هستید و قدرت تغییر دنیا را دارید. فراموش نکنید که هر گام کوچک شما می‌تواند تأثیری بزرگ داشته باشد.,,
5,تقدیم های الهام بخش و انگیزشی,به یاد آنهایی که در برابر طوفان‌ها ایستاده‌اند و هرگز تسلیم نشده‌اند؛ این کتاب تقدیم به شماست تا همواره یادآور قدرت ایستادگی باشید. شما با اراده‌تان ثابت کرده‌اید که هیچ چیز غیرممکن نیست.,,
6,تقدیم های الهام بخش و انگیزشی,"این اثر را به روح‌های خسته‌ای تقدیم می‌کنم که در جستجوی آرامش و شادی هستند؛ بدانید که هر طوفانی روزی آرام می‌شود و پس از هر باران، رنگین‌کمان زیبایی در انتظار شماست.",,
7,تقدیم های الهام بخش و انگیزشی,"به یاد آن لحظاتی که امید در دل‌ها زنده می‌شود؛ این کتاب تقدیم به تمام کسانی است که با عشق و ایمان، دنیای خود را زیباتر می‌کنند. شما با تلاش‌های خود می‌توانید زندگی‌ها را تغییر دهید.",,
8,تقدیم های الهام بخش و انگیزشی,"این اثر را به دست‌های خالی‌ای تقدیم می‌کنم که با تلاش و کوشش، ثمره‌های شیرین زندگی را می‌چینند؛ بدانید که هر گامی که برمی‌دارید، شما را به هدف نزدیک‌تر می‌کند و هیچ تلاشی بی‌نتیجه نخواهد ماند.",,
9,تقدیم های الهام بخش و انگیزشی,"به یاد آن روزهایی که با لبخند بر لب، بر مشکلات غلبه کردید؛ این کتاب تقدیم به شماست تا همواره یادآور قدرت عشق و امید باشید. لبخند شما توانسته است دنیا را برای دیگران زیباتر کند!",,
10,تقدیم های الهام بخش و انگیزشی,"این اثر را به ستاره‌هایی تقدیم می‌کنم که در شب‌های تاریک، نور امید را در دل‌ها روشن نگه می‌دارند؛ شما همواره راهنمای ما خواهید بود و وجودتان مایه دلگرمی است.",,
11,تقدیم های الهام بخش و انگیزشی,"به یاد آنهایی که با اراده‌ای آهنین، بر سختی‌ها غلبه کرده و نشان داده‌اند که هیچ چیز غیرممکن نیست؛ این کتاب تقدیم به شماست، قهرمانان زندگی! فراموش نکنید که هر روز فرصتی برای شروع دوباره است.",,
12,تقدیم های الهام بخش و انگیزشی,"این اثر را به قلب‌های عاشقی تقدیم می‌کنم که با عشق و محبتشان، دنیا را زیباتر کرده‌اند؛ وجودتان مایه قوت قلب من است و همیشه یادآور زیبایی‌های زندگی خواهید بود!",,
13,تقدیم های الهام بخش و انگیزشی,به یاد آن روزهای طلایی که با دوستانم زیر آسمان نشسته بودیم و از رویاها صحبت می‌کردیم؛ این کتاب تقدیم به دوستی‌هایی که همچون ستاره‌ها در آسمان زندگی‌ام می‌درخشند!,,
14,تقدیم های الهام بخش و انگیزشی,"این اثر را به آوای پرندگان صبحگاهی تقدیم می‌کنم که با نغمه‌های دل‌انگیزشان، روزهای جدید را نوید می‌دهند و امید را در دل‌ها زنده نگه می‌دارند! بدانید صدای شما همیشه مایه شادی خواهد بود!",,
15,تقدیم های الهام بخش و انگیزشی,"به یاد آن لحظاتی که در کنار خانواده دور هم جمع شدیم و داستان‌های قدیمی تعریف کردیم؛ این اثر تقدیم به محبت خانوادگی، جایی که عشق همیشه جاری بوده است!",,
16,تقدیم های الهام بخش و انگیزشی,این اثر را به خواب‌های شیرینی تقدیم می‌کنم که همچون بال پروانه‌ها مرا در دنیای خیال پرواز دادند؛ بدانید رویاهایتان قابل تحقق است اگر با عشق و تلاش دنبالشان کنید!,,
17,تقدیم های الهام بخش و انگیزشی,"به یاد آن روزهایی که در کنار رودخانه نشسته بودم و صدای آب آرامش بی‌نظیری به قلبم می‌بخشید؛ این اثر تقدیم به آرامش طبیعت، جایی که روح من در آن رها بود!",,
18,تقدیم های الهام بخش و انگیزشی,"این اثر تقدیم به آفتاب غروب است که با رنگ‌های گرمش، دلم را سرشار از احساسات زیبا می‌کند؛ تو نشان‌دهنده‌ی پایان روزهای شاداب هستی!",,
19,تقدیم های الهام بخش و انگیزشی,به یاد آن شب‌هایی که زیر نور مهتاب نشسته بودم و رویاهایم را مرور می‌کردم؛ این اثر تقدیم به آرزوهایی است که هنوز زنده‌اند! فراموش نکنید آرزوهایتان همیشه قابل تحقق هستند!,,
20,تقدیم های الهام بخش و انگیزشی,این اثر را به باغچه خانه مادربزرگم تقدیم می‌کنم؛ جایی که عشق و محبت همیشه جاری بوده و هر گل داستانی برای گفتن دارد! بی‌شک عشق خانواده بزرگ‌ترین گنجینه زندگی ماست!,,
21,تقدیم های الهام بخش و انگیزشی,به یاد آن روزهای بارانی هنگامی که زیر چتر قدم زدم و احساس کردم دنیا چقدر زیباست؛ این کتاب تقدیم به همه لحظات شگفت‌آور زندگی! هر لحظه‌ای ارزشمند است اگر با چشم دل ببینید!,,
22,تقدیم های الهام بخش و انگیزشی,"این اثر تقدیم به آوای دلنشین چشمه‌هاست که با صدایش، آرامش روحی عمیق ایجاد کرده و مرا به دنیای خیال دعوت می‌کند؛ بدانید صدای طبیعت همیشه مایه آرامش خواهد بود!",,
23,تقدیم های الهام بخش و انگیزشی,"به یاد آن لحظاتی که در کنار خانواده دور هم جمع شدیم و داستان‌های قدیمی تعریف کردیم؛ این اثر تقدیم به محبت خانوادگی، جایی که عشق همیشه جاری بوده است!",,
24,تقدیم های الهام بخش و انگیزشی,"این اثر را برای تمام کسانی تقدیم می‌کنم که با عشق ورزیدن، دنیا را زیباتر کرده‌اند؛ وجودتان مایه قوت قلب من است! فراموش نکنید عشق همیشه پیروز خواهد شد!",,
25,تقدیم های الهام بخش و انگیزشی,تقدیمی برای تمامی انسان‌هایی است که با شجاعت در برابر چالش‌ها ایستادند و نشان دادند هیچ چیز غیرممکن نیست؛ این اثر یادآور قدرت ایستادگی شماست!,,
1,تقدیم های مذهبی,"تقدیم به حضرت محمد (ص)، پیامبر رحمت و مهربانی که با نور وجودش، تاریکی‌های جهل را روشن ساخت و با پیامش، عشق و محبت را در دل‌ها نشاند. تو همیشه چراغ راه ما هستی و یاد تو در دل‌های مؤمنان جاودانه خواهد ماند.",,
2,تقدیم های مذهبی,"این اثر را به ساحت مقدس امام علی (ع) تقدیم می‌کنم که با شجاعت و صداقت خود، الگویی برای تمام آزادگان تاریخ گردید. تو نشان دادی که عدالت و حقیقت، همواره باید در قلب انسان‌ها زنده بماند و با فداکاری‌ات، درس ایستادگی را به ما آموختی.",,
3,تقدیم های مذهبی,"به یاد امام حسین (ع) که با قیام عاشورا، درس ایستادگی در برابر ظلم را به جهانیان آموخت؛ این کتاب تقدیم به روح بلند اوست که همواره در دل‌های ما زنده است و ما را به جهاد در راه حق ترغیب می‌کند. فداکاری‌ات همچون نوری در تاریکی‌ها می‌درخشد.",,
4,تقدیم های مذهبی,"این اثر را به حضرت فاطمه الزهرا (س) تقدیم می‌کنم که با صبر و استقامتش، نماد عشق و وفاداری در تاریخ اسلام است. تو همیشه یادآور قدرت زنانگی و نقش بی‌نظیر زنان در جامعه هستی؛ وجودت مایه افتخار ماست.",,
5,تقدیم های مذهبی,"به یاد امام رضا (ع) که با علم و دانشش، دروازه‌های معرفت را به روی جویندگان حقیقت گشود؛ این کتاب تقدیم به توست تا همواره یادآور رحمت و مهربانی‌ات باشیم. تو با علمت دل‌ها را آرام می‌کنی و امید را در دل‌ها زنده نگه می‌داری.",,
6,تقدیم های مذهبی,"این اثر را به حضرت مهدی (عج) تقدیم می‌کنم؛ ای منجی عالم بشریت، امید ما به ظهور توست تا جهانی پر از عدل و انصاف بسازی. ما در انتظار روزی هستیم که نامت بر تارک آسمان‌ها بدرخشد و عدالتت بر زمین حاکم شود.",,
7,تقدیم های مذهبی,"به یاد امام حسن (ع) که با صلح و محبتش، نشان داد بزرگ‌ترین پیروزی‌ها در سایه آرامش حاصل می‌شود؛ این کتاب تقدیم به توست تا همواره یادآور اهمیت مدارا و محبت باشی.",,
8,تقدیم های مذهبی,"این اثر را به ساحت مقدس امام زین العابدین (ع) تقدیم می‌کنم؛ ای سید الساجدین، دعاهایت همچون باران رحمت بر دل‌های ما نازل می‌شود و امید را در زندگی‌امان زنده نگه می‌دارد.",,
9,تقدیم های مذهبی,"به یاد ابوالفضل العباس (ع) که با فداکاری‌اش، نشان داد وفاداری به حق چگونه باید باشد؛ این اثر تقدیم به توست تا همواره یادآور ایثارگری‌های تو باشیم. تو علمدار کربلا هستی و فداکاری‌ات الهام‌بخش نسل‌ها خواهد بود.",,
10,تقدیم های مذهبی,"این اثر را به پیامبر اکرم (ص) تقدیم می‌کنم؛ ای نور هدایت، کلماتت همچون نغمه‌ای دلنشین در گوش زمان طنین‌انداز است و راهنمایی برای همه انسان‌هاست تا در مسیر حق گام بردارند.",,
11,تقدیم های مذهبی,"به یاد امام علی النقی (ع) که با صبوری و حکمتش، در سخت‌ترین شرایط نیز راهنمای مردم بود؛ این اثر تقدیم به توست تا همواره یادآور علم و بصیرت تو باشی!",,
12,تقدیم های مذهبی,"این اثر را به امام حسن عسکری (ع) تقدیم می‌کنم؛ ای پیشوای بزرگوار، تو با علمت دل‌های جویندگان حقیقت را روشن کردی و نشان دادی که چگونه باید در برابر ظلم ایستادگی کرد!",,
13,تقدیم های مذهبی,"به یاد امام زاده‌ها که با فداکاری‌هایشان، راه حق را برای ما روشن کردند؛ این کتاب تقدیم به شماست تا همواره الهام‌بخش ما باشید!",,
14,تقدیم های مذهبی,"این اثر را به ساحت مقدس همه ائمه اطهار (علیهم‌السلام) تقدیم می‌کنم؛ شما چراغ‌های هدایت هستید که در تاریکی‌های زندگی، نور امید را روشن نگه می‌دارید!",,
15,تقدیم های مذهبی,به یاد آن روزهایی که در کنار اهل بیت (علیهم‌السلام) نشسته بودم و از فضائلشان آموختم؛ این اثر تقدیم به شماست تا همواره یادآور محبتتان باشم!,,
16,تقدیم های مذهبی,این کتاب را به روح بلند شهدای کربلا تقدیم می‌کنم؛ شما نشان دادید که چگونه باید برای آرمان‌ها جنگید و جان خود را فدای حق کرد!,,
17,تقدیم های مذهبی,به یاد آن لحظاتی که دعای کمیل خواندم و احساس کردم روح ائمه اطهار (علیهم‌السلام) مرا همراهی می‌کند؛ این اثر تقدیم به دعاهای شماست!,,
18,تقدیم های مذهبی,"این اثر را به ساحت مقدس حضرت زینب (س) تقدیم می‌کنم؛ ای بانوی قهرمان کربلا، تو با سخنانت نشان دادی که چگونه باید از حق دفاع کرد!",,
19,تقدیم های مذهبی,به یاد امام سجاد (ع) که با دعاهایش دل‌ها را تسکین داد؛ این کتاب تقدیم به توست تا همواره یادآور ارتباط عمیق انسان با خداوند باشی!,,
20,تقدیم های مذهبی,"این اثر را به حضرت مهدی (عج) تقدیم می‌کنم؛ ای منجی عالم بشریت، امید ما به ظهور توست تا جهانی پر از عدل بسازی!",,
21,تقدیم های مذهبی,به یاد آن روزهایی که زیر سایه‌ی اهل بیت نشسته بودم و از فضائلشان آموختم؛ این کتاب تقدیم به شماست تا همواره الهام‌بخش من باشید!,,
22,تقدیم های مذهبی,"این اثر را به روح بلند امام حسین (ع) تقدیم می‌کنم؛ ای قهرمان عاشورا، تو نشان دادی که چگونه باید برای آرمان‌ها جنگید!",,
23,تقدیم های مذهبی,به یاد آن شب‌هایی که دعای عرفه خواندم و احساس کردم خداوند نزدیک‌تر از همیشه است؛ این کتاب تقدیم به دعاهای شماست!,,
24,تقدیم های مذهبی,"این اثر را به ساحت مقدس حضرت علی (ع) تقدیم می‌کنم؛ ای مولای متقیان، تو با حکمت خود نشان دادی چگونه باید زندگی کرد!",,
1,تقدیم های عارفانه و زاهدانه,"تقدیم به آنانی که در جستجوی حقیقت، از دنیای مادی فاصله گرفته و به عمق وجود خویش سفر کرده‌اند. شما نشان داده‌اید که در دل تاریکی‌ها، نور حقیقت همیشه در انتظار ماست.",,
2,تقدیم های عارفانه و زاهدانه,"این اثر را به زاهدانی تقدیم می‌کنم که با دل‌های پاک و نیت‌های خالص، در پی وصال حق هستند. شما با ترک دنیا و زرق و برق آن، نشان داده‌اید که عشق الهی بزرگ‌ترین ثروت است.",,
3,تقدیم های عارفانه و زاهدانه,"به یاد عارفانی که با چشمان دل، زیبایی‌های پنهان عالم را مشاهده کردند؛ این کتاب تقدیم به شماست تا همواره یادآور سلوک معنوی‌تان باشیم و از نور وجودتان بهره‌مند شویم.",,
4,تقدیم های عارفانه و زاهدانه,"این اثر را به رندان عاشق تقدیم می‌کنم که با لبخندهای شیرین خود، دنیای مادی را به چالش کشیده و نشان داده‌اند که عشق واقعی فراتر از هر قید و بندی است.",,
5,تقدیم های عارفانه و زاهدانه,"به یاد آنانی که در سکوت شب، با دل‌های آرام، رازهای هستی را درک کردند؛ این کتاب تقدیم به شماست تا همواره یادآور جستجوی بی‌پایانتان برای حقیقت باشید.",,
6,تقدیم های عارفانه و زاهدانه,"این اثر را به زاهدان راستین تقدیم می‌کنم که با ساده‌زیستی خود، دنیایی پر از آرامش و صفا را برای دیگران به ارمغان می‌آورند. شما نشان داده‌اید که زندگی در سادگی، سرشار از زیبایی است.",,
7,تقدیم های عارفانه و زاهدانه,"به یاد عارفانی که با عشق ورزیدن به خداوند، دل‌های خود را از هر گونه کینه و حسد پاک کردند؛ این کتاب تقدیم به شماست تا همواره یادآور محبت بی‌پایانتان باشید.",,
8,تقدیم های عارفانه و زاهدانه,"این اثر را به رندان زاهد تقدیم می‌کنم که با چشمان بیدار خود، زیبایی‌های پنهان عالم را می‌بینند و با دل‌هایشان، عشق الهی را درک می‌کنند؛ شما همیشه مایه الهام ما خواهید بود.",,
9,تقدیم های عارفانه و زاهدانه,"به یاد آنانی که در دل شب‌های تاریک، با ذکر خداوند آرامش می‌یابند؛ این کتاب تقدیم به شماست تا همواره یادآور ارتباط عمیق‌تان با معبود باشید.",,
10,تقدیم های عارفانه و زاهدانه,"این اثر را به عارفانی تقدیم می‌کنم که با سلوک معنوی‌شان، دنیای مادی را پشت سر گذاشته و به حقیقت پیوسته‌اند؛ شما نشان داده‌اید که عشق الهی بزرگ‌ترین ثروت است.",,
11,تقدیم های عارفانه و زاهدانه,"به یاد زاهدانی که در جستجوی حقیقت، از دنیا فاصله گرفته‌اند؛ این کتاب تقدیم به شماست تا همواره یادآور جستجوگری‌تان برای وصال حق باشید.",,
12,تقدیم های عارفانه و زاهدانه,"این اثر را به رندان عاشق تقدیم می‌کنم که با لبخندهای شیرین خود، دنیای مادی را به چالش کشیده‌اند؛ شما نشان داده‌اید که عشق واقعی فراتر از هر قید و بندی است!",,
13,تقدیم های عارفانه و زاهدانه,"به یاد عارفانی که در سکوت شب، رازهای هستی را درک کردند؛ این کتاب تقدیم به شماست تا همواره یادآور جستجوی بی‌پایانتان برای حقیقت باشید!",,
14,تقدیم های عارفانه و زاهدانه,"این اثر را به زاهدان راستین تقدیم می‌کنم که با ساده‌زیستی خود، دنیایی پر از آرامش و صفا را برای دیگران به ارمغان می‌آورند؛ شما نشان داده‌اید که زندگی در سادگی سرشار از زیبایی است!",,
15,تقدیم های عارفانه و زاهدانه,"به یاد عارفانی که با عشق ورزیدن به خداوند، دل‌های خود را از هر گونه کینه و حسد پاک کردند؛ این کتاب تقدیم به شماست تا همواره یادآور محبت بی‌پایانتان باشید!",,
16,تقدیم های عارفانه و زاهدانه,"این اثر را به رندان زاهد تقدیم می‌کنم که با چشمان بیدار خود، زیبایی‌های پنهان عالم را می‌بینند و با دل‌هایشان عشق الهی را درک می‌کنند؛ شما همیشه مایه الهام ما خواهید بود!",,
17,تقدیم های عارفانه و زاهدانه,"به یاد آنانی که در دل شب‌های تاریک، با ذکر خداوند آرامش می‌یابند؛ این کتاب تقدیم به شماست تا همواره یادآور ارتباط عمیق‌تان با معبود باشید!",,
18,تقدیم های عارفانه و زاهدانه,این اثر را به عارفانی تقدیم می‌کنم که در جستجوی حقیقت زندگی خود را وقف کرده‌اند و نشان داده‌اند که عشق الهی بزرگ‌ترین گنجینه است!,,
19,تقدیم های عارفانه و زاهدانه,به یاد زاهدانی که در سکوت شب‌ها رازهای آسمان‌ها را فاش کرده‌اند؛ این کتاب تقدیم به شماست تا همواره یادآور جستجوگری‌تان برای نور باشد!,,
20,تقدیم های عارفانه و زاهدانه,این اثر تقدیمی است برای رندان عاشق که با هر جرعه‌ای از عشق الهی مست شده‌اند؛ شما نشان داده‌اید که زندگی بدون عشق چه معنایی دارد!,,
21,تقدیم های عارفانه و زاهدانه,به یاد آن روزهایی که در کنار دوستانم زیر سایه‌ی درختان نشسته بودم و از رویاها صحبت می‌کردیم؛ این کتاب تقدیم به دوستی‌هایی که همچون ستاره‌ها در آسمان زندگی‌ام می‌درخشند!,,
22,تقدیم های عارفانه و زاهدانه,این اثر را به آوای پرندگان صبحگاهی تقدیم می‌کنم که با نغمه‌های دل‌انگیزشان روزهای جدید را نوید می‌دهند؛ امیدتان همیشه زنده باد!,,
23,تقدیم های عارفانه و زاهدانه,به یاد آن لحظاتی که دعای کمیل خواندم و احساس کردم روح ائمه اطهار (ع) مرا همراهی می‌کند؛ این اثر تقدیم به دعاهای شماست!,,
24,تقدیم های عارفانه و زاهدانه,این اثر را برای تمام کسانی تقدیم می‌کنم که در جستجوی نور هستند؛ بدانید هیچ تاریکی نمی‌تواند بر نور ایمان غلبه کند!,,
25,تقدیم های عارفانه و زاهدانه,تقدیمی برای تمامی انسان‌هایی است که با شجاعت در برابر چالش‌ها ایستادند و نشان دادند هیچ چیز غیرممکن نیست؛ این اثر یادآور قدرت ایستادگی شماست!,,
1,تقدیم های پرکاربرد,شمع را که به خورشید هدیه می‌دهی از سر انگشتان سوخته‌ات می‌فهمد چند شب یلدا را با کبریت‌های نمور و یکی سنگ چخماق سر کرده‌ای!,,
2,تقدیم های پرکاربرد,"این کتاب به یاد آنانی تقدیم می‌شود که در جستجوی حقیقت، از دنیای مادی فاصله گرفته و به عمق وجود خویش سفر کرده‌اند.",,
3,تقدیم های پرکاربرد,"این اثر به ساحت مقدس تمام عاشقان تقدیم می‌شود؛ شما با عشق ورزیدن، زندگی را زیباتر کرده‌اید.",,
4,تقدیم های پرکاربرد,"به یاد آنانی که در دل شب‌های تاریک، با ذکر خداوند آرامش می‌یابند؛ این کتاب تقدیم به شماست تا همواره یادآور ارتباط عمیق‌تان با معبود باشید.",,
5,تقدیم های پرکاربرد,"این اثر را به زاهدانی تقدیم می‌کنم که با دل‌های پاک و نیت‌های خالص، در پی وصال حق هستند.",,
6,تقدیم های پرکاربرد,"تقدیم به عارفانی که با چشمان دل، زیبایی‌های پنهان عالم را مشاهده کردند؛ این کتاب تقدیم به شماست تا همواره یادآور سلوک معنوی‌تان باشیم.",,
7,تقدیم های پرکاربرد,این اثر به روح بزرگ حافظ شیرازی تقدیم می‌شود؛ تو با کلماتت دل‌ها را تسخیر کردی و عشق را در دل‌ها زنده نگه داشتی.,,
8,تقدیم های پرکاربرد,"به یاد امام حسین (ع) که با قیام عاشورا، درس ایستادگی در برابر ظلم را به جهانیان آموخت؛ این کتاب تقدیم به روح بلند اوست.",,
9,تقدیم های پرکاربرد,"این اثر را به حضرت فاطمه الزهرا (س) تقدیم می‌کنم؛ ای بانوی دو عالم، تو با صبر و استقامت خود نشان دادی که عشق و وفاداری در برابر سختی‌ها چگونه باید باشد.",,
10,تقدیم های پرکاربرد,"به یاد امام علی (ع) که با شجاعت و صداقت خود، الگویی برای تمام آزادگان تاریخ گردید؛ این کتاب تقدیم به توست تا همواره یادآور عدالتت باشی.",,
11,تقدیم های پرکاربرد,"این اثر را به امام رضا (ع) تقدیم می‌کنم؛ ای عالم آل محمد، تو با علم و دانش خود دروازه‌های معرفت را گشودی و دل‌ها را به سوی خداوند متعال متوجه ساختی.",,
12,تقدیم های پرکاربرد,"به یاد امام حسن (ع) که با صلح و محبتش، نشان داد بزرگ‌ترین پیروزی‌ها در سایه آرامش حاصل می‌شود؛ این کتاب تقدیم به توست!",,
13,تقدیم های پرکاربرد,"این اثر تقدیم به روح بلند امام زین العابدین (ع) می‌شود؛ ای سید الساجدین، دعاهای تو همچون باران رحمت بر دل‌های ما نازل می‌شود!",,
14,تقدیم های پرکاربرد,"به یاد ابوالفضل العباس (ع) که با فداکاری‌اش، نشان داد وفاداری به حق چگونه باید باشد؛ این اثر تقدیم به توست!",,
15,تقدیم های پرکاربرد,این کتاب به تمامی شهدای کربلا تقدیم می‌شود؛ شما نشان دادید که چگونه باید برای آرمان‌ها جنگید و جان خود را فدای حق کرد!,,
16,تقدیم های پرکاربرد,تقدیمی برای تمامی انسان‌هایی است که با عشق ورزیدن زندگی را زیباتر کرده‌اند؛ وجودتان مایه قوت قلب من است!,,
17,تقدیم های پرکاربرد,این اثر را برای زیبایی‌های زندگی تقدیم می‌کنم؛ هر لحظه‌ای ارزشمند است اگر با چشم دل ببینید!,,
18,تقدیم های پرکاربرد,این کتاب تقدیمی است برای زخم‌های تاریخ؛ باشد تا ما از گذشته بیاموزیم و آینده‌ای روشن بسازیم!,,
19,تقدیم های پرکاربرد,به یاد آنانی که در جستجوی نور هستند؛ این اثر تقدیمی است برای امیدهایی که هرگز فراموش نمی‌شوند!,,
20,تقدیم های پرکاربرد,"این اثر را به تمامی انسان‌هایی که در تاریکی زندگی می‌کنند، تقدیم می‌کنم؛ بدانید نور همیشه پیروز خواهد بود!",,
21,تقدیم های پرکاربرد,تقدیمی برای آنانی که با کلماتشان دنیا را تغییر داده‌اند; وجودتان مایه الهام است!,,
22,تقدیم های پرکاربرد,این کتاب تقدیم به تمامی مادران جهان که با عشق و فداکاری خود چراغ راه فرزندانشان هستند!,,
23,تقدیم های پرکاربرد,به یاد آنانی که هر روز برای بهتر شدن تلاش می‌کنند؛ این اثر تقدیمی است برای شما قهرمانان زندگی!,,
24,تقدیم های پرکاربرد,این اثر را به تمامی کسانی تقدیم می‌کنم که در جستجوی حقیقت هستند و هیچگاه از تلاش دست نمی‌کشند!,,
25,تقدیم های پرکاربرد,تقدیمی برای آنهایی که در برابر طوفان‌ها ایستاده‌اند و هرگز تسلیم نشده‌اند؛ شما الگوی صبر هستید!,,
26,تقدیم های پرکاربرد,به یاد آن روزهایی که دعای عرفه خواندم و احساس کردم خداوند نزدیک‌تر از همیشه است؛ این اثر مقدس برای دعاهای شماست!,,
27,تقدیم های پرکاربرد,این کتاب تقدیمی است برای دوستی‌هایی پایدار؛ شما نشان داده‌اید که عشق واقعی همیشه پایدار است!,,
28,تقدیم های پرکاربرد,به خاطر آن روزهایی که نور ایمان در دل‌ها تابید؛ این کتاب تقدیمی است برای همه کسانی که با ایمانشان دنیا را تغییر داده‌اند!,,
1,تقدیم  برخی از کتاب ها,تقدیم به دانشجویانی که عقلشان بر احساسشان غلبه می‌کند؛,محمود سریع‌القلم,عقلانیت و توسعه‌یافتگی
2,تقدیم  برخی از کتاب ها,"تقدیم به دانشجویانی که برای تحمل آرای دیگران، تمرین می‌کنند؛",محمود سریع‌القلم,عقلانیت و توسعه‌یافتگی
3,تقدیم  برخی از کتاب ها,"تقدیم به دانشجویانی که به واسطه‌ی زحمتی که می‌کشند، همیشه خسته‌اند؛",محمود سریع‌القلم,عقلانیت و توسعه‌یافتگی
4,تقدیم  برخی از کتاب ها,"تقدیم به دانشجویانی که برای چهل سال آینده‌ی خود، برنامه دارند؛",محمود سریع‌القلم,عقلانیت و توسعه‌یافتگی
5,تقدیم  برخی از کتاب ها,تقدیم به دانشجویانی که فرق بین هشت و هشت و یک دقیقه را می‌دانند؛,محمود سریع‌القلم,عقلانیت و توسعه‌یافتگی
6,تقدیم  برخی از کتاب ها,تقدیم به دانشجویانی که رنگهای شاد خلقت را در ظاهر خود سپاس می‌دارند؛,محمود سریع‌القلم,عقلانیت و توسعه‌یافتگی
7,تقدیم  برخی از کتاب ها,تقدیم به دانشجویانی که با محاسبه‌ی حروف اضافه سخن می‌گویند؛,محمود سریع‌القلم,عقلانیت و توسعه‌یافتگی
8,تقدیم  برخی از کتاب ها,تقدیم به دانشجویانی که قاعده‌مند فکر می‌کنند؛,محمود سریع‌القلم,عقلانیت و توسعه‌یافتگی
9,تقدیم  برخی از کتاب ها,"تقدیم به دانشجویانی که برای هر سوالی، چندین پاسخ متفاوت قایلند؛",محمود سریع‌القلم,عقلانیت و توسعه‌یافتگی
10,تقدیم  برخی از کتاب ها,تقدیم به دانشجویانی که عصبانیت خود را به تأخیر می‌اندازند؛,محمود سریع‌القلم,عقلانیت و توسعه‌یافتگی
11,تقدیم  برخی از کتاب ها,تقدیم به دانشجویانی که شأن را بر قدرت مقدم می‌دارند؛,محمود سریع‌القلم,عقلانیت و توسعه‌یافتگی
12,تقدیم  برخی از کتاب ها,تقدیم به دانشجویانی که در رفتار قابل پیش‌بینی‌اند؛,محمود سریع‌القلم,عقلانیت و توسعه‌یافتگی
13,تقدیم  برخی از کتاب ها,"تقدیم به دانشجویانی که معنای تناسب، درصد و کار تدریجی را می‌دانند؛",محمود سریع‌القلم,عقلانیت و توسعه‌یافتگی
14,تقدیم  برخی از کتاب ها,"تقدیم به دانشجویانی که برای افزایش قدرت کشور، تأمل می‌کنند؛",محمود سریع‌القلم,عقلانیت و توسعه‌یافتگی
15,تقدیم  برخی از کتاب ها,"تقدیم به دانشجویانی که برای جلب اعتماد دیگران، حتی در نگاه کردن دقت می‌کنند و",محمود سریع‌القلم,عقلانیت و توسعه‌یافتگی
16,تقدیم  برخی از کتاب ها,"تقدیم به به دانشجویانی که دغدغه‌ی وفای به عهد، آن‌ها را شب از خواب بیدار می‌کند.",محمود سریع‌القلم,عقلانیت و توسعه‌یافتگی
17,تقدیم  برخی از کتاب ها,"تقدیم به دانشجویان
دانشجویانی که عقلشان بر احساسشان غلبه می‌کند؛
دانشجویانی که برای تحمل آرای دیگران، تمرین می‌کنند؛
دانشجویانی که به واسطه‌ی زحمتی که می‌کشند، همیشه خسته‌اند؛
دانشجویانی که برای چهل سال آینده‌ی خود، برنامه دارند؛
دانشجویانی که فرق بین هشت و هشت و یک دقیقه را می‌دانند؛
دانشجویانی که رنگهای شاد خلقت را در ظاهر خود سپاس می‌دارند؛
دانشجویانی که با محاسبه‌ی حروف اضافه سخن می‌گویند؛
دانشجویانی که قاعده‌مند فکر می‌کنند؛
دانشجویانی که برای هر سوالی، چندین پاسخ متفاوت قایلند؛
دانشجویانی که عصبانیت خود را به تأخیر می‌اندازند؛
دانشجویانی که شأن را بر قدرت مقدم می‌دارند؛
دانشجویانی که در رفتار قابل پیش‌بینی‌اند؛
دانشجویانی که معنای تناسب، درصد و کار تدریجی را می‌دانند؛
دانشجویانی که برای افزایش قدرت کشور، تأمل می‌کنند؛
دانشجویانی که برای جلب اعتماد دیگران، حتی در نگاه کردن دقت می‌کنند و
به دانشجویانی که دغدغه‌ی وفای به عهد، آن‌ها را شب از خواب بیدار می‌کند.",محمود سریع‌القلم,عقلانیت و توسعه‌یافتگی
18,تقدیم  برخی از کتاب ها,"به پیشگاه استاد نظام وفا تقدیم می کنم. هر چند که می دانم این منطومه هدیه ی ناچیزی ست، اما او اهالی کوهستان را به سادگی و صداقتشان خواهد بخشید.",نیما یوشیج,افسانه
19,تقدیم  برخی از کتاب ها,"به لئون ورث
از بچه‌های که ممکن است این کتاب را بخوانند عذر می‌خواهم که کتابم را به یک آدم‌بزرگ تقدیم کرده‌ام. این تقدیم یک علت جدی دارد: او بهترین دوستی است که در دنیا دارم.
دلیل دیگری هم دارم: این آدم‌بزرگ همه چیز را می‌فهمد، حتی کتابهایی که برای بچه‌ها نوشته شده‌‌اند.
دلیل سومی هم دارم: او در سرما و گرسنگی در فرانسه زندگی می‌کند و واقعاً به دلگرمی و روحیه نیاز دارد.
اگر همه‌ی این‌ دلایل باز هم کافی نیست،‌ کتاب را به کودکیِ این آدم‌بزرگ تقدیم می‌‌کنم. همه‌ی آدم‌بزرگ‌ها روزی بچه بوده‌اند (اگر چه تعداد کمی از آن‌ها این را به یاد می‌آورند.)
بنابراین تقدیم‌نامه‌ام را اصلاح می‌کنم:
به لئون ورث، وقتی که پسر کوچکی بود.",آنتوان دو سنت اگزوپری,شازده کوچولو
20,تقدیم  برخی از کتاب ها,"تقدیم به نارنجی‌پوش‌های همه‌ی شهرهای ایران
زباله‌گردهای کوچه پس‌کوچه‌های شهر
کارگران ایستگاه‌های تفکیک
و زحمتکشان پسماندگاه‌ها",محمد فاضلی و همکارانش,جامعه شناسی کنش محیط زیستی
21,تقدیم  برخی از کتاب ها,"من این کتاب را به فرمانده‌ی ارشد خود، جورج دبلیو بوش تقدیم می‌کنم.
چرا که پیشرفت چشمگیر شغلی او به رغم مهارت‌های کلامی ضعیفش، من را به این باور رساند که می‌توانم یک کتاب بنویسم.",پدرام امینی,Fuzzing
22,تقدیم  برخی از کتاب ها,"پت عزیزم
یک روز که سرگرم تراشیدن مجسمه‌ای چوبی بودم، پیشم آمدی و گفتی: «چرا چیزی برای من نمی‌سازی؟»
از تو پرسیدم که چه می‌خواهی و تو گفتی: «یک جعبه.»
«برای چه کاری؟»
«می‌خواهم چیزهایی در آن بگذارم.»
«چه چیزهایی؟»
«هر چه تو داری [و به من بدهی.]»
خب. این هم جعبه‌ی تو. تقریباً هر چه دارم در آن است و البته هنوز پُر نشده است.
دردها و هیجان‌هایم در آن است؛ و نیز حال خوب و بدم، اندیشه‌های بد و اندیشه‌های خوبم، لذت طراحی، کمی ناامیدی و البته لذت وصف‌ناپذیر ساختن و خلق کردن.
و از همه‌ی این‌ها مهم‌تر و بالاتر: تمام قدردانی و عشقی که نسبت به تو دارم.
و هنوز هم این جعبه پر نشده است.
جان.",جان اشتین‌بک,شرق بهشت
23,تقدیم  برخی از کتاب ها,"ناپدری من عادت داشت به من بگوید «چیزهایی که تو نمی‌دانی، خودش یک کتاب را پُر می‌کند.» خُب. این‌ هم آن کتاب.",توبیاس ولف,زندگی این پسر
24,تقدیم  برخی از کتاب ها,"تقدیم به کیت و مورگان
و همه‌ی کسانی که
عشق اول‌شان
عشقی سخت بوده است.",الن ویتلینگر,عشق سخت
25,تقدیم  برخی از کتاب ها,"تقدیم به همسرم مارگانیت
و فرزندانم اِلا رُز و دنیل آدام
بدون آ‌ن‌ها این نوشتن کتاب دو سال زودتر به پایان می‌رسید.",جوزف روتمن,مقدمه‌ای بر توپولوژی جبری
26,تقدیم  برخی از کتاب ها,"این کتاب را با عشق به پدرم جوزف هیل ایوانز تقدیم می‌کنم.
واقعیت اینه که پدرم اهل خوندن کتاب داستان نیست.
بنابراین اگر دیگران بهش خبر ندن، هیچ‌وقت نمی‌فهمه که این کتاب به اون تقدیم شده.",تد ویلیامز,Otherland
27,تقدیم  برخی از کتاب ها,"این کتاب را با عشق به پدرم جوزف هیل ایوانز تقدیم می‌کنم.
همون‌طور که قبلاً گفتم، اون کتاب داستان نمی‌خونه. هنوز هم خبر نداره که اینا به اون تقدیم شده.
این جلد دوم از مجموعه است. ببینیم چقدر باید جلو بریم تا اون بالاخره متوجه بشه.",تد ویلیامز,Otherland
28,تقدیم  برخی از کتاب ها,"این کتاب رو به همون کسی که می‌دونین تقدیم می‌کنم، اگرچه خودش نمی‌دونه.
شاید بتونیم این راز رو بین خودمون تا آخرین جلد از این مجموعه نگه داریم.",تد ویلیامز,Otherland
29,تقدیم  برخی از کتاب ها,"پدرم هنوز لای هیچ‌کدوم از کتابا رو باز نکرده. بنابراین هنوز از تقدیم‌ها خبر نداره.
دارم فکر می‌‌کنم شاید بهتر باشه خودم بهش بگم.",تد ویلیامز,Otherland
30,تقدیم  برخی از کتاب ها,"هر کی تا حالا هیچ کتابی بهش تقدیم نشده، چند قدم بیاد جلو.
نه! بابا! تو برو عقب وایسا!",تد ویلیامز,Otherland
31,تقدیم  برخی از کتاب ها,"تقدیم به بئاتریس،
محبوب، عزیزترین، مُرده.",لمونی اسنیکت,مجموعه حوادث ناگوار
32,تقدیم  برخی از کتاب ها,"برای بئاتریس،
عشقم به تو ابدی است،
اگر چه تو ابدی نبودی.",لمونی اسنیکت,مجموعه حوادث ناگوار
33,تقدیم  برخی از کتاب ها,"برای بئاتریس،
بسیار ترجیح می‌دادم زنده بودی و حالت خوب بود.",لمونی اسنیکت,مجموعه حوادث ناگوار
34,تقدیم  برخی از کتاب ها,"برای بئاتریس،
عشقم مانند پروانه پرواز می‌کرد،
تا این‌که مرگ مانند خفاش هجوم آورد.",لمونی اسنیکت,مجموعه حوادث ناگوار
35,تقدیم  برخی از کتاب ها,"برای بئاتریس،
تو همیشه در قلبم خواهی بود،
در ذهنم،
و در قبرت.",لمونی اسنیکت,مجموعه حوادث ناگوار
36,تقدیم  برخی از کتاب ها,"وقتی همدیگر را دیدیم، زندگی من آغاز شد،
و پس از مدتی بسیار کوتاه، زندگی تو به پایان رسید.",لمونی اسنیکت,مجموعه حوادث ناگوار
37,تقدیم  برخی از کتاب ها,"برای بئاتریس،
وقتی با هم بودیم، نفسم در سینه حبس می‌شد،
و اکنون تو از نفس افتاده‌ای.",لمونی اسنیکت,مجموعه حوادث ناگوار
38,تقدیم  برخی از کتاب ها,"برای بئاتریس،
تابستان بدون تو، به اندازه‌ی زمستان سرد است،
و زمستان بی‌ تو، حتی سردتر است.",لمونی اسنیکت,مجموعه حوادث ناگوار
39,تقدیم  برخی از کتاب ها,"برای بئاتریس،
عشق ما قلب مرا شکست،
و قلب تو را از حرکت باز داشت.",لمونی اسنیکت,مجموعه حوادث ناگوار
40,تقدیم  برخی از کتاب ها,"برای بئاتریس،
وقتی یکدیگر را دیدیم،‌ تو حسابی زیبا بودی و من تنها.
اکنون من حسابی تنها شده‌ام.",لمونی اسنیکت,مجموعه حوادث ناگوار
41,تقدیم  برخی از کتاب ها,"برای بئاتریس،
زنانِ مُرده داستان نمی‌گویند.
این مردان غم‌زده هستند که داستان می‌نویسند.",لمونی اسنیکت,مجموعه حوادث ناگوار
42,تقدیم  برخی از کتاب ها,"برای بئاتریس،
هیچ کس نمی‌توانست آتش عشق مرا خاموش کند،
و نیز آتش خانه‌ی تو را.",لمونی اسنیکت,مجموعه حوادث ناگوار
43,تقدیم  برخی از کتاب ها,"برای بئاتریس،
من ماندم و گرامی داشته شدم، و تو نابود شدی.
دنیا همیشه هولناک بوده است.",لمونی اسنیکت,مجموعه حوادث ناگوار
44,تقدیم  برخی از کتاب ها,"لوسی عزیزم،
من این داستان را برای تو نوشتم، اما وقتی شروعش کردم متوجه نشده بودم که دخترها سریع‌تر از کتاب‌ها رشد می‌کند.نتیجه این‌که همین الان تو بزرگ‌تر از آن شده‌ای که افسانه‌های پریان را بخوانی.
و زمانی که کتاب چاپ و بسته‌بندی شود، تو باز هم بزرگ‌تر شده‌ای.
اما روزی به اندازه‌ی کافی پیر می‌شوی که دوباره خواندن این نوع افسانه‌ها را آغاز کنی.
می‌توانی آن‌ها را از طبقه‌ی بالای کتابخانه برداری، غبارشان را پاک کنی، و به من بگویی که درباره‌شان چه فکر می‌کنی.
احتمالاً من آن زمان، چنان ناشنوا شده‌ام که حرف‌هایت را نخواهم شنید، و آن‌‌قدر پیر که کلماتت را متوجه نخواهم شد. اما هنوز همانم که بودم:
پدرخوانده‌ی دلسوز تو",سی. ای. لوئیس,هفت‌گانه
